<?xml version="1.0" encoding="UTF-8"?>
<config xmlns="http://www.knime.org/2008/09/XMLConfig" xmlns:xsi="http://www.w3.org/2001/XMLSchema-instance" xsi:schemaLocation="http://www.knime.org/2008/09/XMLConfig http://www.knime.org/XMLConfig_2008_09.xsd" key="viewRepresentation">
    <entry key="showLegend" type="xboolean" value="false"/>
    <entry key="autoRange" type="xboolean" value="true"/>
    <entry key="useDomainInformation" type="xboolean" value="false"/>
    <entry key="showGrid" type="xboolean" value="true"/>
    <entry key="showCrosshair" type="xboolean" value="false"/>
    <entry key="snapToPoints" type="xboolean" value="false"/>
    <entry key="resizeToWindow" type="xboolean" value="true"/>
    <entry key="enableViewConfiguration" type="xboolean" value="true"/>
    <entry key="enableTitleChange" type="xboolean" value="true"/>
    <entry key="enableSubtitleChange" type="xboolean" value="true"/>
    <entry key="enableXColumnChange" type="xboolean" value="true"/>
    <entry key="enableYColumnChange" type="xboolean" value="true"/>
    <entry key="enableXAxisLabelEdit" type="xboolean" value="true"/>
    <entry key="enableYAxisLabelEdit" type="xboolean" value="true"/>
    <entry key="enableDotSizeChange" type="xboolean" value="false"/>
    <entry key="enablePanning" type="xboolean" value="true"/>
    <entry key="enableZooming" type="xboolean" value="true"/>
    <entry key="enableDragZooming" type="xboolean" value="false"/>
    <entry key="showZoomResetButton" type="xboolean" value="false"/>
    <entry key="enableSelection" type="xboolean" value="true"/>
    <entry key="enableRectangleSelection" type="xboolean" value="true"/>
    <entry key="enableLassoSelection" type="xboolean" value="false"/>
    <entry key="imageWidth" type="xint" value="800"/>
    <entry key="imageHeight" type="xint" value="600"/>
    <entry key="backgroundColor" type="xstring" value="rgba(255,255,255,1.0)"/>
    <entry key="dataAreaColor" type="xstring" value="rgba(255,255,255,1.0)"/>
    <entry key="gridColor" type="xstring" value="rgba(230,230,230,1.0)"/>
    <entry key="hasDataset" type="xboolean" value="true"/>
    <config key="dataset">
        <entry key="tableID" type="xstring" value="baaec3e5-cd33-42c1-ab7c-8d13a55c3a5d"/>
        <config key="columnKeys">
            <entry key="array-size" type="xint" value="2"/>
            <entry key="0" type="xstring" value="Sexe"/>
            <entry key="1" type="xstring" value="Rémunération"/>
        </config>
        <config key="symbols_0">
            <entry key="index" type="xint" value="0"/>
            <entry key="numSymbols" type="xint" value="2"/>
            <config key="symbol_0">
                <entry key="key" type="xstring" value="0"/>
                <entry key="value" type="xstring" value="F"/>
            </config>
            <config key="symbol_1">
                <entry key="key" type="xstring" value="1"/>
                <entry key="value" type="xstring" value="H"/>
            </config>
        </config>
        <config key="columnColors">
            <entry key="array-size" type="xint" value="2"/>
            <entry key="0" type="xstring" isnull="true" value=""/>
            <entry key="1" type="xstring" isnull="true" value=""/>
        </config>
        <config key="dateTimeFormats">
            <entry key="array-size" type="xint" value="2"/>
            <entry key="0" type="xstring" isnull="true" value=""/>
            <entry key="1" type="xstring" isnull="true" value=""/>
        </config>
        <entry key="colPropsSize" type="xint" value="1"/>
        <entry key="numRows" type="xint" value="10"/>
        <config key="row_0">
            <entry key="rowKey" type="xstring" value="Row245"/>
            <config key="values">
                <entry key="array-size" type="xint" value="2"/>
                <entry key="0" type="xstring" value="0.0"/>
                <entry key="1" type="xstring" value="11688.34"/>
            </config>
            <entry key="numProperties" type="xint" value="1"/>
            <config key="property_0">
                <entry key="key" type="xstring" value="color"/>
                <entry key="value" type="xstring" value="#404040"/>
            </config>
        </config>
        <config key="row_1">
            <entry key="rowKey" type="xstring" value="Row152"/>
            <config key="values">
                <entry key="array-size" type="xint" value="2"/>
                <entry key="0" type="xstring" value="1.0"/>
                <entry key="1" type="xstring" value="11914.3"/>
            </config>
            <entry key="numProperties" type="xint" value="1"/>
            <config key="property_0">
                <entry key="key" type="xstring" value="color"/>
                <entry key="value" type="xstring" value="#404040"/>
            </config>
        </config>
        <config key="row_2">
            <entry key="rowKey" type="xstring" value="Row40"/>
            <config key="values">
                <entry key="array-size" type="xint" value="2"/>
                <entry key="0" type="xstring" value="1.0"/>
                <entry key="1" type="xstring" value="11939.23"/>
            </config>
            <entry key="numProperties" type="xint" value="1"/>
            <config key="property_0">
                <entry key="key" type="xstring" value="color"/>
                <entry key="value" type="xstring" value="#404040"/>
            </config>
        </config>
        <config key="row_3">
            <entry key="rowKey" type="xstring" value="Row120"/>
            <config key="values">
                <entry key="array-size" type="xint" value="2"/>
                <entry key="0" type="xstring" value="1.0"/>
                <entry key="1" type="xstring" value="12325.89"/>
            </config>
            <entry key="numProperties" type="xint" value="1"/>
            <config key="property_0">
                <entry key="key" type="xstring" value="color"/>
                <entry key="value" type="xstring" value="#404040"/>
            </config>
        </config>
        <config key="row_4">
            <entry key="rowKey" type="xstring" value="Row185"/>
            <config key="values">
                <entry key="array-size" type="xint" value="2"/>
                <entry key="0" type="xstring" value="1.0"/>
                <entry key="1" type="xstring" value="13093.81"/>
            </config>
            <entry key="numProperties" type="xint" value="1"/>
            <config key="property_0">
                <entry key="key" type="xstring" value="color"/>
                <entry key="value" type="xstring" value="#404040"/>
            </config>
        </config>
        <config key="row_5">
            <entry key="rowKey" type="xstring" value="Row107"/>
            <config key="values">
                <entry key="array-size" type="xint" value="2"/>
                <entry key="0" type="xstring" value="1.0"/>
                <entry key="1" type="xstring" value="12525.48"/>
            </config>
            <entry key="numProperties" type="xint" value="1"/>
            <config key="property_0">
                <entry key="key" type="xstring" value="color"/>
                <entry key="value" type="xstring" value="#404040"/>
            </config>
        </config>
        <config key="row_6">
            <entry key="rowKey" type="xstring" value="Row6"/>
            <config key="values">
                <entry key="array-size" type="xint" value="2"/>
                <entry key="0" type="xstring" value="1.0"/>
                <entry key="1" type="xstring" value="12699.22"/>
            </config>
            <entry key="numProperties" type="xint" value="1"/>
            <config key="property_0">
                <entry key="key" type="xstring" value="color"/>
                <entry key="value" type="xstring" value="#404040"/>
            </config>
        </config>
        <config key="row_7">
            <entry key="rowKey" type="xstring" value="Row124"/>
            <config key="values">
                <entry key="array-size" type="xint" value="2"/>
                <entry key="0" type="xstring" value="1.0"/>
                <entry key="1" type="xstring" value="12608.69"/>
            </config>
            <entry key="numProperties" type="xint" value="1"/>
            <config key="property_0">
                <entry key="key" type="xstring" value="color"/>
                <entry key="value" type="xstring" value="#404040"/>
            </config>
        </config>
        <config key="row_8">
            <entry key="rowKey" type="xstring" value="Row135"/>
            <config key="values">
                <entry key="array-size" type="xint" value="2"/>
                <entry key="0" type="xstring" value="1.0"/>
                <entry key="1" type="xstring" value="13370.72"/>
            </config>
            <entry key="numProperties" type="xint" value="1"/>
            <config key="property_0">
                <entry key="key" type="xstring" value="color"/>
                <entry key="value" type="xstring" value="#404040"/>
            </config>
        </config>
        <config key="row_9">
            <entry key="rowKey" type="xstring" value="Row248"/>
            <config key="values">
                <entry key="array-size" type="xint" value="2"/>
                <entry key="0" type="xstring" value="0.0"/>
                <entry key="1" type="xstring" value="13499.85"/>
            </config>
            <entry key="numProperties" type="xint" value="1"/>
            <config key="property_0">
                <entry key="key" type="xstring" value="color"/>
                <entry key="value" type="xstring" value="#404040"/>
            </config>
        </config>
        <entry key="numColorModels" type="xint" value="0"/>
        <config key="missingValueColumns">
            <entry key="array-size" type="xint" value="0"/>
        </config>
    </config>
    <entry key="displayFullscreenButton" type="xboolean" value="true"/>
    <entry key="enableShowSelectedOnly" type="xboolean" value="true"/>
    <config key="subscriptionFilterIds">
        <entry key="array-size" type="xint" value="0"/>
    </config>
    <entry key="enableSwitchLegend" type="xboolean" value="false"/>
    <entry key="showWarningInView" type="xboolean" value="true"/>
    <entry key="hasWarnings" type="xboolean" value="false"/>
    <entry key="reportOnMissingValues" type="xboolean" value="true"/>
    <config key="dateTimeFormats">
        <entry key="globalDateTimeLocale" type="xstring" value="en"/>
        <entry key="globalDateFormat" type="xstring" value="YYYY-MM-DD"/>
        <entry key="globalLocalDateFormat" type="xstring" value="YYYY-MM-DD"/>
        <entry key="globalLocalDateTimeFormat" type="xstring" value="YYYY-MM-DD"/>
        <entry key="globalLocalTimeFormat" type="xstring" value="HH:mm:ss"/>
        <entry key="globalZonedDateTimeFormat" type="xstring" value="YYYY-MM-DD z"/>
        <entry key="timezone" type="xstring" value="Europe/Paris"/>
    </config>
    <entry key="enforceOrigin" type="xboolean" value="false"/>
</config>
