<?xml version="1.0" encoding="UTF-8"?>
<config xmlns="http://www.knime.org/2008/09/XMLConfig" xmlns:xsi="http://www.w3.org/2001/XMLSchema-instance" xsi:schemaLocation="http://www.knime.org/2008/09/XMLConfig http://www.knime.org/XMLConfig_2008_09.xsd" key="viewValue">
    <entry key="chartTitle" type="xstring" value="Top 10 des Rémunérations"/>
    <entry key="chartSubtitle" type="xstring" value=""/>
    <entry key="xCol" type="xstring" value="Sexe"/>
    <entry key="yCol" type="xstring" value="Rémunération"/>
    <entry key="xAxisLabel" type="xstring" value=""/>
    <entry key="yAxisLabel" type="xstring" value=""/>
    <entry key="xAxisMin" type="xstring" value="-0.18267483314719501"/>
    <entry key="xAxisMax" type="xstring" value="1.0687040043670568"/>
    <entry key="yAxisMin" type="xstring" value="11403.545685782767"/>
    <entry key="yAxisMax" type="xstring" value="13670.43096372821"/>
    <entry key="dot_size" type="xstring" value="3"/>
    <config key="selectedKeys"/>
    <entry key="publishSelection" type="xboolean" value="true"/>
    <entry key="subscribeSelection" type="xboolean" value="true"/>
    <entry key="showSelectedOnly" type="xboolean" value="false"/>
    <entry key="subscribeFilter" type="xboolean" value="true"/>
    <entry key="showLegend" type="xboolean" value="false"/>
</config>
