<?xml version="1.0" encoding="UTF-8"?>
<config xmlns="http://www.knime.org/2008/09/XMLConfig" xmlns:xsi="http://www.w3.org/2001/XMLSchema-instance" xsi:schemaLocation="http://www.knime.org/2008/09/XMLConfig http://www.knime.org/XMLConfig_2008_09.xsd" key="viewValue">
    <config key="options">
        <entry key="numSettings" type="xint" value="14"/>
        <entry key="mapClass" type="xstring" value="object"/>
        <entry key="key_0" type="xstring" value="legend"/>
        <entry key="class_0" type="xstring" value="java.lang.Boolean"/>
        <entry key="value_0" type="xboolean" value="true"/>
        <entry key="key_1" type="xstring" value="tooltip"/>
        <entry key="class_1" type="xstring" value="java.lang.Boolean"/>
        <entry key="value_1" type="xboolean" value="false"/>
        <entry key="key_2" type="xstring" value="filterSmallNodes"/>
        <entry key="class_2" type="xstring" value="java.lang.Boolean"/>
        <entry key="value_2" type="xboolean" value="true"/>
        <entry key="key_3" type="xstring" value="innerLabelText"/>
        <entry key="class_3" type="xstring" value="java.lang.String"/>
        <entry key="value_3" type="xstring" value=""/>
        <entry key="key_4" type="xstring" value="title"/>
        <entry key="class_4" type="xstring" value="java.lang.String"/>
        <entry key="value_4" type="xstring" value="Effectifs par sexe et par services"/>
        <entry key="key_5" type="xstring" value="innerLabelStyle"/>
        <entry key="class_5" type="xstring" value="java.lang.String"/>
        <entry key="value_5" type="xstring" value="percentage"/>
        <entry key="key_6" type="xstring" value="subscribeFilter"/>
        <entry key="class_6" type="xstring" value="java.lang.Boolean"/>
        <entry key="value_6" type="xboolean" value="true"/>
        <entry key="key_7" type="xstring" value="breadcrumb"/>
        <entry key="class_7" type="xstring" value="java.lang.Boolean"/>
        <entry key="value_7" type="xboolean" value="true"/>
        <entry key="key_8" type="xstring" value="donutHole"/>
        <entry key="class_8" type="xstring" value="java.lang.Boolean"/>
        <entry key="value_8" type="xboolean" value="true"/>
        <entry key="key_9" type="xstring" value="showSelectedOnly"/>
        <entry key="class_9" type="xstring" value="java.lang.Boolean"/>
        <entry key="value_9" type="xboolean" value="false"/>
        <entry key="key_10" type="xstring" value="subtitle"/>
        <entry key="class_10" type="xstring" value="java.lang.String"/>
        <entry key="value_10" type="xstring" value=""/>
        <entry key="key_11" type="xstring" value="subscribeSelection"/>
        <entry key="class_11" type="xstring" value="java.lang.Boolean"/>
        <entry key="value_11" type="xboolean" value="true"/>
        <entry key="key_12" type="xstring" value="innerLabel"/>
        <entry key="class_12" type="xstring" value="java.lang.Boolean"/>
        <entry key="value_12" type="xboolean" value="true"/>
        <entry key="key_13" type="xstring" value="publishSelection"/>
        <entry key="class_13" type="xstring" value="java.lang.Boolean"/>
        <entry key="value_13" type="xboolean" value="true"/>
    </config>
    <config key="outColumns">
        <entry key="numSettings" type="xint" value="1"/>
        <entry key="mapClass" type="xstring" value="object"/>
        <entry key="key_0" type="xstring" value="selection"/>
        <entry key="class_0" type="xstring" value="java.util.LinkedHashMap"/>
        <config key="value_0">
            <entry key="numSettings" type="xint" value="12"/>
            <entry key="mapClass" type="xstring" value="object"/>
            <entry key="key_0" type="xstring" value="Row0"/>
            <entry key="class_0" type="xstring" value="java.lang.Boolean"/>
            <entry key="value_0" type="xboolean" value="false"/>
            <entry key="key_1" type="xstring" value="Row1"/>
            <entry key="class_1" type="xstring" value="java.lang.Boolean"/>
            <entry key="value_1" type="xboolean" value="false"/>
            <entry key="key_2" type="xstring" value="Row2"/>
            <entry key="class_2" type="xstring" value="java.lang.Boolean"/>
            <entry key="value_2" type="xboolean" value="false"/>
            <entry key="key_3" type="xstring" value="Row3"/>
            <entry key="class_3" type="xstring" value="java.lang.Boolean"/>
            <entry key="value_3" type="xboolean" value="false"/>
            <entry key="key_4" type="xstring" value="Row4"/>
            <entry key="class_4" type="xstring" value="java.lang.Boolean"/>
            <entry key="value_4" type="xboolean" value="false"/>
            <entry key="key_5" type="xstring" value="Row5"/>
            <entry key="class_5" type="xstring" value="java.lang.Boolean"/>
            <entry key="value_5" type="xboolean" value="false"/>
            <entry key="key_6" type="xstring" value="Row6"/>
            <entry key="class_6" type="xstring" value="java.lang.Boolean"/>
            <entry key="value_6" type="xboolean" value="false"/>
            <entry key="key_7" type="xstring" value="Row7"/>
            <entry key="class_7" type="xstring" value="java.lang.Boolean"/>
            <entry key="value_7" type="xboolean" value="false"/>
            <entry key="key_8" type="xstring" value="Row8"/>
            <entry key="class_8" type="xstring" value="java.lang.Boolean"/>
            <entry key="value_8" type="xboolean" value="false"/>
            <entry key="key_9" type="xstring" value="Row9"/>
            <entry key="class_9" type="xstring" value="java.lang.Boolean"/>
            <entry key="value_9" type="xboolean" value="false"/>
            <entry key="key_10" type="xstring" value="Row10"/>
            <entry key="class_10" type="xstring" value="java.lang.Boolean"/>
            <entry key="value_10" type="xboolean" value="false"/>
            <entry key="key_11" type="xstring" value="Row11"/>
            <entry key="class_11" type="xstring" value="java.lang.Boolean"/>
            <entry key="value_11" type="xboolean" value="false"/>
        </config>
    </config>
    <config key="outTables">
        <entry key="numSettings" type="xint" value="0"/>
        <entry key="mapClass" type="xstring" value="object"/>
    </config>
    <config key="variables">
        <entry key="numSettings" type="xint" value="0"/>
        <entry key="mapClass" type="xstring" value="string"/>
    </config>
</config>
